{
  "internal_test": {
    "text": {
      "loss": 0.0851242977537607,
      "accuracy": 0.990945462202569,
      "f1_weighted": 0.9909461132996262,
      "classification_report": {
        "Negative": {
          "precision": 0.9815059445178336,
          "recall": 0.9906666666666667,
          "f1-score": 0.9860650298606503,
          "support": 1500.0
        },
        "Neutral": {
          "precision": 0.998645903859174,
          "recall": 1.0,
          "f1-score": 0.9993224932249323,
          "support": 1475.0
        },
        "Positive": {
          "precision": 0.9926052332195677,
          "recall": 0.9836527621195039,
          "f1-score": 0.9881087202718006,
          "support": 1774.0
        },
        "accuracy": 0.990945462202569,
        "macro avg": {
          "precision": 0.9909190271988585,
          "recall": 0.9914398095953901,
          "f1-score": 0.991165414452461,
          "support": 4749.0
        },
        "weighted avg": {
          "precision": 0.990975638808285,
          "recall": 0.990945462202569,
          "f1-score": 0.9909461132996262,
          "support": 4749.0
        }
      }
    },
    "emoji": {
      "loss": 0.848041948519255,
      "accuracy": 0.563908191198147,
      "f1_weighted": 0.5627056409785374,
      "classification_report": {
        "Negative": {
          "precision": 0.5177083333333333,
          "recall": 0.6626666666666666,
          "f1-score": 0.5812865497076023,
          "support": 1500.0
        },
        "Neutral": {
          "precision": 0.5685358255451713,
          "recall": 0.49491525423728816,
          "f1-score": 0.5291772381297571,
          "support": 1475.0
        },
        "Positive": {
          "precision": 0.6174757281553398,
          "recall": 0.5377677564825254,
          "f1-score": 0.5748719493823441,
          "support": 1774.0
        },
        "accuracy": 0.563908191198147,
        "macro avg": {
          "precision": 0.5679066290112815,
          "recall": 0.5651165591288267,
          "f1-score": 0.5617785790732346,
          "support": 4749.0
        },
        "weighted avg": {
          "precision": 0.5707632731999791,
          "recall": 0.563908191198147,
          "f1-score": 0.5627056409785374,
          "support": 4749.0
        }
      }
    },
    "combined": {
      "loss": 0.08001044078877098,
      "accuracy": 0.9953674457780586,
      "f1_weighted": 0.9953656896454134,
      "classification_report": {
        "Negative": {
          "precision": 0.9973082099596231,
          "recall": 0.988,
          "f1-score": 0.9926322839919625,
          "support": 1500.0
        },
        "Neutral": {
          "precision": 1.0,
          "recall": 1.0,
          "f1-score": 1.0,
          "support": 1475.0
        },
        "Positive": {
          "precision": 0.9899328859060402,
          "recall": 0.9977452085682075,
          "f1-score": 0.9938236945536215,
          "support": 1774.0
        },
        "accuracy": 0.9953674457780586,
        "macro avg": {
          "precision": 0.9957470319552212,
          "recall": 0.9952484028560692,
          "f1-score": 0.9954853261818614,
          "support": 4749.0
        },
        "weighted avg": {
          "precision": 0.995389188152611,
          "recall": 0.9953674457780586,
          "f1-score": 0.9953656896454134,
          "support": 4749.0
        }
      }
    }
  },
  "external": {
    "real_holdout": {
      "stats": {
        "input_rows": 600,
        "kept_rows": 600,
        "dropped_rows": 0
      },
      "results": {
        "text": {
          "loss": 0.11854445934295654,
          "accuracy": 0.97,
          "f1_weighted": 0.9698011431293165,
          "classification_report": {
            "Negative": {
              "precision": 0.9602446483180428,
              "recall": 0.9843260188087775,
              "f1-score": 0.9721362229102167,
              "support": 319.0
            },
            "Neutral": {
              "precision": 1.0,
              "recall": 1.0,
              "f1-score": 1.0,
              "support": 121.0
            },
            "Positive": {
              "precision": 0.9671052631578947,
              "recall": 0.91875,
              "f1-score": 0.9423076923076923,
              "support": 160.0
            },
            "accuracy": 0.97,
            "macro avg": {
              "precision": 0.9757833038253124,
              "recall": 0.9676920062695924,
              "f1-score": 0.9714813050726363,
              "support": 600.0
            },
            "weighted avg": {
              "precision": 0.9700914748645314,
              "recall": 0.97,
              "f1-score": 0.9698011431293165,
              "support": 600.0
            }
          }
        },
        "emoji": {
          "loss": 0.33221448461214703,
          "accuracy": 1.0,
          "f1_weighted": 1.0,
          "classification_report": {
            "Negative": {
              "precision": 1.0,
              "recall": 1.0,
              "f1-score": 1.0,
              "support": 319.0
            },
            "Neutral": {
              "precision": 1.0,
              "recall": 1.0,
              "f1-score": 1.0,
              "support": 121.0
            },
            "Positive": {
              "precision": 1.0,
              "recall": 1.0,
              "f1-score": 1.0,
              "support": 160.0
            },
            "accuracy": 1.0,
            "macro avg": {
              "precision": 1.0,
              "recall": 1.0,
              "f1-score": 1.0,
              "support": 600.0
            },
            "weighted avg": {
              "precision": 1.0,
              "recall": 1.0,
              "f1-score": 1.0,
              "support": 600.0
            }
          }
        },
        "combined": {
          "loss": 0.0876229852437973,
          "accuracy": 0.9966666666666667,
          "f1_weighted": 0.9966666666666667,
          "classification_report": {
            "Negative": {
              "precision": 0.9968652037617555,
              "recall": 0.9968652037617555,
              "f1-score": 0.9968652037617555,
              "support": 319.0
            },
            "Neutral": {
              "precision": 1.0,
              "recall": 1.0,
              "f1-score": 1.0,
              "support": 121.0
            },
            "Positive": {
              "precision": 0.99375,
              "recall": 0.99375,
              "f1-score": 0.99375,
              "support": 160.0
            },
            "accuracy": 0.9966666666666667,
            "macro avg": {
              "precision": 0.9968717345872519,
              "recall": 0.9968717345872519,
              "f1-score": 0.9968717345872519,
              "support": 600.0
            },
            "weighted avg": {
              "precision": 0.9966666666666667,
              "recall": 0.9966666666666667,
              "f1-score": 0.9966666666666667,
              "support": 600.0
            }
          }
        }
      }
    },
    "real_holdout_stress_600": {
      "stats": {
        "input_rows": 600,
        "kept_rows": 600,
        "dropped_rows": 0
      },
      "results": {
        "text": {
          "loss": 0.12342279652754466,
          "accuracy": 0.97,
          "f1_weighted": 0.9698011431293165,
          "classification_report": {
            "Negative": {
              "precision": 0.9602446483180428,
              "recall": 0.9843260188087775,
              "f1-score": 0.9721362229102167,
              "support": 319.0
            },
            "Neutral": {
              "precision": 1.0,
              "recall": 1.0,
              "f1-score": 1.0,
              "support": 121.0
            },
            "Positive": {
              "precision": 0.9671052631578947,
              "recall": 0.91875,
              "f1-score": 0.9423076923076923,
              "support": 160.0
            },
            "accuracy": 0.97,