{
  "text": {
    "accuracy": 0.97,
    "f1_weighted": 0.9698011431293165,
    "confusion_matrix": [
      [
        314,
        0,
        5
      ],
      [
        0,
        121,
        0
      ],
      [
        13,
        0,
        147
      ]
    ]
  },
  "emoji": {
    "accuracy": 0.16333333333333333,
    "f1_weighted": 0.16343949692879775,
    "confusion_matrix": [
      [
        34,
        192,
        93
      ],
      [
        29,
        23,
        69
      ],
      [
        78,
        41,
        41
      ]
    ]
  },
  "combined": {
    "accuracy": 0.95,
    "f1_weighted": 0.9507669873494433,
    "confusion_matrix": [
      [
        292,
        0,
        27
      ],
      [
        0,
        121,
        0
      ],
      [
        3,
        0,
        157
      ]
    ]
  }
}