{
  "text": {
    "accuracy": 0.97,
    "f1_weighted": 0.9698011431293165,
    "confusion_matrix": [
      [
        314,
        0,
        5
      ],
      [
        0,
        121,
        0
      ],
      [
        13,
        0,
        147
      ]
    ]
  },
  "emoji": {
    "accuracy": 1.0,
    "f1_weighted": 1.0,
    "confusion_matrix": [
      [
        319,
        0,
        0
      ],
      [
        0,
        121,
        0
      ],
      [
        0,
        0,
        160
      ]
    ]
  },
  "combined": {
    "accuracy": 0.9966666666666667,
    "f1_weighted": 0.9966666666666667,
    "confusion_matrix": [
      [
        318,
        0,
        1
      ],
      [
        0,
        121,
        0
      ],
      [
        1,
        0,
        159
      ]
    ]
  }
}