{
  "internal_test": {
    "text": {
      "loss": 0.1714722592579691,
      "accuracy": 0.9623078542851127,
      "f1_weighted": 0.962137198787105,
      "classification_report": {
        "Negative": {
          "precision": 0.975609756097561,
          "recall": 0.9066666666666666,
          "f1-score": 0.939875604699378,
          "support": 1500.0
        },
        "Neutral": {
          "precision": 0.9946055293324343,
          "recall": 1.0,
          "f1-score": 0.9972954699121027,
          "support": 1475.0
        },
        "Positive": {
          "precision": 0.9268162393162394,
          "recall": 0.9780157835400225,
          "f1-score": 0.9517279210093252,
          "support": 1774.0
        },
        "accuracy": 0.9623078542851127,
        "macro avg": {
          "precision": 0.9656771749154115,
          "recall": 0.9615608167355632,
          "f1-score": 0.962966331873602,
          "support": 4749.0
        },
        "weighted avg": {
          "precision": 0.9632827539395011,
          "recall": 0.9623078542851127,
          "f1-score": 0.962137198787105,
          "support": 4749.0
        }
      }
    },
    "emoji": {
      "loss": 0.8592201518385034,
      "accuracy": 0.5601179195620131,
      "f1_weighted": 0.5592939191800035,
      "classification_report": {
        "Negative": {
          "precision": 0.5450867052023122,
          "recall": 0.6286666666666667,
          "f1-score": 0.5839009287925696,
          "support": 1500.0
        },
        "Neutral": {
          "precision": 0.49587231700605394,
          "recall": 0.6108474576271187,
          "f1-score": 0.5473876063183475,
          "support": 1475.0
        },
        "Positive": {
          "precision": 0.6788685524126455,
          "recall": 0.4599774520856821,
          "f1-score": 0.5483870967741935,
          "support": 1774.0
        },
        "accuracy": 0.5601179195620131,
        "macro avg": {
          "precision": 0.5732758582070039,
          "recall": 0.5664971921264891,
          "f1-score": 0.5598918772950369,
          "support": 4749.0
        },
        "weighted avg": {
          "precision": 0.5797756448446897,
          "recall": 0.5601179195620131,
          "f1-score": 0.5592939191800035,
          "support": 4749.0
        }
      }
    },
    "combined": {
      "loss": 0.12905957236101753,
      "accuracy": 0.9863129079806275,
      "f1_weighted": 0.9863014197950237,
      "classification_report": {
        "Negative": {
          "precision": 0.988458927359131,
          "recall": 0.9706666666666667,
          "f1-score": 0.9794820047090481,
          "support": 1500.0
        },
        "Neutral": {
          "precision": 0.997291807718348,
          "recall": 0.9986440677966102,
          "f1-score": 0.9979674796747967,
          "support": 1475.0
        },
        "Positive": {
          "precision": 0.9755419677598666,
          "recall": 0.9892897406989853,
          "f1-score": 0.982367758186398,
          "support": 1774.0
        },
        "accuracy": 0.9863129079806275,
        "macro avg": {
          "precision": 0.9870975676124485,
          "recall": 0.9862001583874207,
          "f1-score": 0.9866057475234142,
          "support": 4749.0
        },
        "weighted avg": {
          "precision": 0.9863771864032982,
          "recall": 0.9863129079806275,
          "f1-score": 0.9863014197950237,
          "support": 4749.0
        }
      }
    }
  },
  "external": {
    "real_holdout": {
      "stats": {
        "input_rows": 600,
        "kept_rows": 600,
        "dropped_rows": 0
      },
      "results": {
        "text": {
          "loss": 0.2304560641447703,
          "accuracy": 0.9233333333333333,
          "f1_weighted": 0.9245093806024797,
          "classification_report": {
            "Negative": {
              "precision": 0.9627118644067797,
              "recall": 0.890282131661442,
              "f1-score": 0.9250814332247557,
              "support": 319.0
            },
            "Neutral": {
              "precision": 1.0,
              "recall": 1.0,
              "f1-score": 1.0,
              "support": 121.0
            },
            "Positive": {
              "precision": 0.8097826086956522,
              "recall": 0.93125,
              "f1-score": 0.8662790697674418,
              "support": 160.0
            },
            "accuracy": 0.9233333333333333,
            "macro avg": {
              "precision": 0.9241648243674773,
              "recall": 0.9405107105538141,
              "f1-score": 0.9304535009973991,
              "support": 600.0
            },
            "weighted avg": {
              "precision": 0.9294505035617785,
              "recall": 0.9233333333333333,
              "f1-score": 0.9245093806024797,
              "support": 600.0
            }
          }
        },
        "emoji": {
          "loss": 0.36035768191019696,
          "accuracy": 1.0,
          "f1_weighted": 1.0,
          "classification_report": {
            "Negative": {
              "precision": 1.0,
              "recall": 1.0,
              "f1-score": 1.0,
              "support": 319.0
            },
            "Neutral": {
              "precision": 1.0,
              "recall": 1.0,
              "f1-score": 1.0,
              "support": 121.0
            },
            "Positive": {
              "precision": 1.0,
              "recall": 1.0,
              "f1-score": 1.0,
              "support": 160.0
            },
            "accuracy": 1.0,
            "macro avg": {
              "precision": 1.0,
              "recall": 1.0,
              "f1-score": 1.0,
              "support": 600.0
            },
            "weighted avg": {
              "precision": 1.0,
              "recall": 1.0,
              "f1-score": 1.0,
              "support": 600.0
            }
          }
        },
        "combined": {
          "loss": 0.18545986215273538,
          "accuracy": 0.9683333333333334,
          "f1_weighted": 0.9683578022630093,
          "classification_report": {
            "Negative": {
              "precision": 0.9716981132075472,
              "recall": 0.9686520376175548,
              "f1-score": 0.9701726844583988,
              "support": 319.0
            },
            "Neutral": {
              "precision": 1.0,
              "recall": 1.0,
              "f1-score": 1.0,
              "support": 121.0
            },
            "Positive": {
              "precision": 0.937888198757764,
              "recall": 0.94375,
              "f1-score": 0.940809968847352,
              "support": 160.0
            },
            "accuracy": 0.9683333333333334,
            "macro avg": {
              "precision": 0.9698621039884371,
              "recall": 0.9708006792058517,
              "f1-score": 0.9703275511019168,
              "support": 600.0
            },
            "weighted avg": {
              "precision": 0.9683896831907496,
              "recall": 0.9683333333333334,
              "f1-score": 0.9683578022630093,
              "support": 600.0
            }
          }
        }
      }
    },
    "real_holdout_stress_600": {
      "stats": {
        "input_rows": 600,
        "kept_rows": 600,
        "dropped_rows": 0
      },
      "results": {
        "text": {
          "loss": 0.23018285632133484,
          "accuracy": 0.9233333333333333,
          "f1_weighted": 0.9245093806024797,
          "classification_report": {
            "Negative": {
              "precision": 0.9627118644067797,
              "recall": 0.890282131661442,
              "f1-score": 0.9250814332247557,
              "support": 319.0
            },
            "Neutral": {
              "precision": 1.0,
              "recall": 1.0,
              "f1-score": 1.0,
              "support": 121.0
            },
            "Positive": {
              "precision": 0.8097826086956522,
              "recall": 0.93125,
              "f1-score": 0.8662790697674418,