{
  "text": [
    {
      "epoch": 1.0,
      "train_optim_loss": 0.5115416787686895,
      "train_loss": 0.3261654240186097,
      "train_accuracy": 0.8910884745979883,
      "train_eval_accuracy": 0.9841117304119418,
      "train_f1": 0.9841159629790711,
      "val_loss": 0.3511400540669759,
      "val_accuracy": 0.9662273476112027,
      "val_f1": 0.9661780261770941
    }
  ],
  "emoji": [
    {
      "epoch": 1.0,
      "train_optim_loss": 0.9531624737333079,
      "train_loss": 0.8949832056389481,
      "train_accuracy": 0.5404574284066884,
      "train_eval_accuracy": 0.5731949516304696,
      "train_f1": 0.5725022818291854,
      "val_loss": 0.9187484622001648,
      "val_accuracy": 0.5414607358594179,
      "val_f1": 0.5397938640380788
    }
  ],
  "combined": [
    {
      "epoch": 1.0,
      "train_optim_loss": 0.7188890781558928,
      "train_loss": 0.31860266259459197,
      "train_accuracy": 0.8916009994234095,
      "train_eval_accuracy": 0.9889807162534435,
      "train_f1": 0.9889820897511051,
      "val_loss": 0.33507363001505536,
      "val_accuracy": 0.9813289401427787,
      "val_f1": 0.9813424163313177
    }
  ]
}