{
  "internal_test": {
    "text": {
      "loss": 0.08825260557626423,
      "accuracy": 0.9875763318593388,
      "f1_weighted": 0.9875673129796473,
      "classification_report": {
        "Negative": {
          "precision": 0.9845430107526881,
          "recall": 0.9766666666666667,
          "f1-score": 0.9805890227576974,
          "support": 1500.0
        },
        "Neutral": {
          "precision": 0.9979702300405954,
          "recall": 1.0,
          "f1-score": 0.9989840839823908,
          "support": 1475.0
        },
        "Positive": {
          "precision": 0.981491867638811,
          "recall": 0.9864712514092446,
          "f1-score": 0.9839752600506044,
          "support": 1774.0
        },
        "accuracy": 0.9875763318593388,
        "macro avg": {
          "precision": 0.9880017028106982,
          "recall": 0.987712639358637,
          "f1-score": 0.9878494555968974,
          "support": 4749.0
        },
        "weighted avg": {
          "precision": 0.9875736320552034,
          "recall": 0.9875763318593388,
          "f1-score": 0.9875673129796473,
          "support": 4749.0
        }
      }
    },
    "emoji": {
      "loss": 0.8479114049359372,
      "accuracy": 0.5662244683091177,
      "f1_weighted": 0.5660605003827713,
      "classification_report": {
        "Negative": {
          "precision": 0.5514792899408284,
          "recall": 0.6213333333333333,
          "f1-score": 0.5843260188087774,
          "support": 1500.0
        },
        "Neutral": {
          "precision": 0.5103567318757192,
          "recall": 0.6013559322033898,
          "f1-score": 0.5521319638966697,
          "support": 1475.0
        },
        "Positive": {
          "precision": 0.6585919757759273,
          "recall": 0.4904171364148816,
          "f1-score": 0.5621970920840065,
          "support": 1774.0
        },
        "accuracy": 0.5662244683091177,
        "macro avg": {
          "precision": 0.5734759991974917,
          "recall": 0.5710354673172016,
          "f1-score": 0.5662183582631513,
          "support": 4749.0
        },
        "weighted avg": {
          "precision": 0.5787191576025318,
          "recall": 0.5662244683091177,
          "f1-score": 0.5660605003827713,
          "support": 4749.0
        }
      }
    },
    "combined": {
      "loss": 0.08169893057722795,
      "accuracy": 0.9953674457780586,
      "f1_weighted": 0.9953662090855806,
      "classification_report": {
        "Negative": {
          "precision": 0.9959731543624161,
          "recall": 0.9893333333333333,
          "f1-score": 0.9926421404682274,
          "support": 1500.0
        },
        "Neutral": {
          "precision": 1.0,
          "recall": 1.0,
          "f1-score": 1.0,
          "support": 1475.0
        },
        "Positive": {
          "precision": 0.9910313901345291,
          "recall": 0.9966178128523112,
          "f1-score": 0.9938167509836987,
          "support": 1774.0
        },
        "accuracy": 0.9953674457780586,
        "macro avg": {
          "precision": 0.9956681814989817,
          "recall": 0.9953170487285482,
          "f1-score": 0.995486297150642,
          "support": 4749.0
        },
        "weighted avg": {
          "precision": 0.9953778516829394,
          "recall": 0.9953674457780586,
          "f1-score": 0.9953662090855806,
          "support": 4749.0
        }
      }
    }
  },
  "external": {
    "real_holdout": {
      "stats": {
        "input_rows": 600,
        "kept_rows": 600,
        "dropped_rows": 0
      },
      "results": {
        "text": {
          "loss": 0.12145131826400757,
          "accuracy": 0.9566666666666667,
          "f1_weighted": 0.9565981066561845,
          "classification_report": {
            "Negative": {
              "precision": 0.956386292834891,
              "recall": 0.9623824451410659,
              "f1-score": 0.959375,
              "support": 319.0
            },
            "Neutral": {
              "precision": 1.0,
              "recall": 1.0,
              "f1-score": 1.0,
              "support": 121.0
            },
            "Positive": {
              "precision": 0.9240506329113924,
              "recall": 0.9125,
              "f1-score": 0.9182389937106918,
              "support": 160.0
            },
            "accuracy": 0.9566666666666667,
            "macro avg": {
              "precision": 0.9601456419154278,
              "recall": 0.9582941483803552,
              "f1-score": 0.9592046645702306,
              "support": 600.0
            },
            "weighted avg": {
              "precision": 0.9565588811335883,
              "recall": 0.9566666666666667,
              "f1-score": 0.9565981066561845,
              "support": 600.0
            }
          }
        },
        "emoji": {
          "loss": 0.33922146757443744,
          "accuracy": 1.0,
          "f1_weighted": 1.0,
          "classification_report": {
            "Negative": {
              "precision": 1.0,
              "recall": 1.0,
              "f1-score": 1.0,
              "support": 319.0
            },
            "Neutral": {
              "precision": 1.0,
              "recall": 1.0,
              "f1-score": 1.0,
              "support": 121.0
            },
            "Positive": {
              "precision": 1.0,
              "recall": 1.0,
              "f1-score": 1.0,
              "support": 160.0
            },
            "accuracy": 1.0,
            "macro avg": {
              "precision": 1.0,
              "recall": 1.0,
              "f1-score": 1.0,
              "support": 600.0
            },
            "weighted avg": {
              "precision": 1.0,
              "recall": 1.0,
              "f1-score": 1.0,
              "support": 600.0
            }
          }
        },
        "combined": {
          "loss": 0.08292738596598308,
          "accuracy": 0.9983333333333333,
          "f1_weighted": 0.9983320251241571,
          "classification_report": {
            "Negative": {
              "precision": 0.996875,
              "recall": 1.0,
              "f1-score": 0.9984350547730829,
              "support": 319.0
            },
            "Neutral": {
              "precision": 1.0,
              "recall": 1.0,
              "f1-score": 1.0,
              "support": 121.0
            },
            "Positive": {
              "precision": 1.0,
              "recall": 0.99375,
              "f1-score": 0.9968652037617555,
              "support": 160.0
            },
            "accuracy": 0.9983333333333333,
            "macro avg": {
              "precision": 0.9989583333333334,
              "recall": 0.9979166666666667,
              "f1-score": 0.9984334195116128,
              "support": 600.0
            },
            "weighted avg": {
              "precision": 0.9983385416666666,
              "recall": 0.9983333333333333,
              "f1-score": 0.9983320251241571,
              "support": 600.0
            }
          }
        }
      }
    },
    "real_holdout_stress_600": {
      "stats": {
        "input_rows": 600,
        "kept_rows": 600,
        "dropped_rows": 0
      },
      "results": {
        "text": {
          "loss": 0.12472314139207204,
          "accuracy": 0.9566666666666667,
          "f1_weighted": 0.9565981066561845,
          "classification_report": {
            "Negative": {
              "precision": 0.956386292834891,
              "recall": 0.9623824451410659,
              "f1-score": 0.959375,
              "support": 319.0
            },
            "Neutral": {
              "precision": 1.0,
              "recall": 1.0,
              "f1-score": 1.0,
              "support": 121.0
            },
            "Positive": {
              "precision": 0.9240506329113924,
              "recall": 0.9125,
              "f1-score": 0.9182389937106918,
              "support": 160.0
            },
            "accuracy": 0.9566666666666667,