{
  "benchmark": "real_holdout_stress_600",
  "matrices": {
    "text": [
      [
        307,
        0,
        12
      ],
      [
        0,
        121,
        0
      ],
      [
        14,
        0,
        146
      ]
    ],
    "emoji": [
      [
        34,
        193,
        92
      ],
      [
        29,
        23,
        69
      ],
      [
        78,
        41,
        41
      ]
    ],
    "combined": [
      [
        298,
        1,
        20
      ],
      [
        0,
        121,
        0
      ],
      [
        8,
        2,
        150
      ]
    ]
  },
  "metrics": {
    "text": {
      "accuracy": 0.9566666666666667,
      "f1_weighted": 0.9565981066561845,
      "loss": 0.12472314139207204
    },
    "emoji": {
      "accuracy": 0.16333333333333333,
      "f1_weighted": 0.16354080564441684,
      "loss": 1.4247028430302937
    },
    "combined": {
      "accuracy": 0.9483333333333334,
      "f1_weighted": 0.9486188546691403,
      "loss": 0.17864283422629038
    }
  },
  "label_names": [
    "Negative",
    "Neutral",
    "Positive"
  ],
  "split_stats": {
    "strategy": "grouped",
    "group_column": "phrase_key",
    "train_rows": 15609,
    "val_rows": 3642,
    "test_rows": 4749,
    "train_templates": 3009,
    "val_templates": 1003,
    "test_templates": 1004,
    "template_overlap_train_val": 0,
    "template_overlap_train_test": 0,
    "template_overlap_val_test": 0
  }
}