{
  "internal_test": {
    "text": {
      "loss": 7.97629798038694e-07,
      "accuracy": 1.0,
      "f1_weighted": 1.0,
      "classification_report": {
        "Negative": {
          "precision": 1.0,
          "recall": 1.0,
          "f1-score": 1.0,
          "support": 6315.0
        },
        "Neutral": {
          "precision": 1.0,
          "recall": 1.0,
          "f1-score": 1.0,
          "support": 6495.0
        },
        "Positive": {
          "precision": 1.0,
          "recall": 1.0,
          "f1-score": 1.0,
          "support": 6240.0
        },
        "accuracy": 1.0,
        "macro avg": {
          "precision": 1.0,
          "recall": 1.0,
          "f1-score": 1.0,
          "support": 19050.0
        },
        "weighted avg": {
          "precision": 1.0,
          "recall": 1.0,
          "f1-score": 1.0,
          "support": 19050.0
        }
      }
    },
    "emoji": {
      "loss": 0.03323362402617931,
      "accuracy": 0.982992125984252,
      "f1_weighted": 0.9830010906658372,
      "classification_report": {
        "Negative": {
          "precision": 1.0,
          "recall": 0.9719714964370546,
          "f1-score": 0.9857865574560347,
          "support": 6315.0
        },
        "Neutral": {
          "precision": 0.9828146771946121,
          "recall": 0.9773672055427252,
          "f1-score": 0.9800833719314498,
          "support": 6495.0
        },
        "Positive": {
          "precision": 0.9669920966992097,
          "recall": 1.0,
          "f1-score": 0.983219097140156,
          "support": 6240.0
        },
        "accuracy": 0.982992125984252,
        "macro avg": {
          "precision": 0.983268924631274,
          "recall": 0.9831129006599265,
          "f1-score": 0.9830296755092135,
          "support": 19050.0
        },
        "weighted avg": {
          "precision": 0.9833287145292428,
          "recall": 0.982992125984252,
          "f1-score": 0.9830010906658372,
          "support": 19050.0
        }
      }
    },
    "combined": {
      "loss": 4.3987277058321615e-06,
      "accuracy": 1.0,
      "f1_weighted": 1.0,
      "classification_report": {
        "Negative": {
          "precision": 1.0,
          "recall": 1.0,
          "f1-score": 1.0,
          "support": 6315.0
        },
        "Neutral": {
          "precision": 1.0,
          "recall": 1.0,
          "f1-score": 1.0,
          "support": 6495.0
        },
        "Positive": {
          "precision": 1.0,
          "recall": 1.0,
          "f1-score": 1.0,
          "support": 6240.0
        },
        "accuracy": 1.0,
        "macro avg": {
          "precision": 1.0,
          "recall": 1.0,
          "f1-score": 1.0,
          "support": 19050.0
        },
        "weighted avg": {
          "precision": 1.0,
          "recall": 1.0,
          "f1-score": 1.0,
          "support": 19050.0
        }
      }
    }
  },
  "external": {
    "social_media": {
      "stats": {
        "input_rows": 2000,
        "kept_rows": 1480,
        "dropped_rows": 520
      },
      "results": {
        "text": {
          "loss": 2.245689590771993,
          "accuracy": 0.5060810810810811,
          "f1_weighted": 0.3895484153535721,
          "classification_report": {
            "Negative": {
              "precision": 0.4894217207334274,
              "recall": 0.6390423572744015,
              "f1-score": 0.5543130990415336,
              "support": 543.0
            },
            "Neutral": {
              "precision": 0.5214007782101168,
              "recall": 1.0,
              "f1-score": 0.6854219948849105,
              "support": 402.0
            },
            "Positive": {
              "precision": 0.0,
              "recall": 0.0,
              "f1-score": 0.0,
              "support": 535.0
            },
            "accuracy": 0.5060810810810811,
            "macro avg": {
              "precision": 0.3369408329811814,
              "recall": 0.5463474524248005,
              "f1-score": 0.4132450313088147,
              "support": 1480.0
            },
            "weighted avg": {
              "precision": 0.3211885859450797,
              "recall": 0.5060810810810811,
              "f1-score": 0.3895484153535721,
              "support": 1480.0
            }
          }
        },
        "emoji": {
          "loss": 0.747848759094874,
          "accuracy": 0.7195945945945946,
          "f1_weighted": 0.7174159805533371,
          "classification_report": {
            "Negative": {
              "precision": 0.5668058455114823,
              "recall": 1.0,
              "f1-score": 0.7235176548967355,
              "support": 543.0
            },
            "Neutral": {
              "precision": 1.0,
              "recall": 0.4925373134328358,
              "f1-score": 0.66,
              "support": 402.0
            },
            "Positive": {
              "precision": 1.0,
              "recall": 0.6056074766355141,
              "f1-score": 0.7543655413271245,
              "support": 535.0
            },
            "accuracy": 0.7195945945945946,
            "macro avg": {
              "precision": 0.8556019485038274,
              "recall": 0.69938159668945,
              "f1-score": 0.7126277320746199,
              "support": 1480.0
            },
            "weighted avg": {
              "precision": 0.8410645771031993,
              "recall": 0.7195945945945946,
              "f1-score": 0.7174159805533371,
              "support": 1480.0
            }
          }
        },
        "combined": {
          "loss": 3.0763724644978843,
          "accuracy": 0.4574324324324324,
          "f1_weighted": 0.34673965919333843,
          "classification_report": {
            "Negative": {
              "precision": 0.4034175334323923,
              "recall": 1.0,
              "f1-score": 0.5749073583906829,
              "support": 543.0
            },
            "Neutral": {
              "precision": 1.0,
              "recall": 0.3333333333333333,
              "f1-score": 0.5,
              "support": 402.0
            },
            "Positive": {
              "precision": 0.0,
              "recall": 0.0,
              "f1-score": 0.0,
              "support": 535.0
            },
            "accuracy": 0.4574324324324324,
            "macro avg": {
              "precision": 0.46780584447746404,
              "recall": 0.4444444444444444,
              "f1-score": 0.3583024527968943,
              "support": 1480.0
            },
            "weighted avg": {
              "precision": 0.4196322436849925,
              "recall": 0.4574324324324324,
              "f1-score": 0.34673965919333843,
              "support": 1480.0
            }
          }
        }
      }
    },
    "emoji_sentiment": {
      "stats": {
        "input_rows": 40000,
        "kept_rows": 40000,
        "dropped_rows": 0
      },
      "results": {
        "text": {
          "loss": 6.053161578573239,
          "accuracy": 0.321525,
          "f1_weighted": 0.3046878603933795,
          "classification_report": {
            "Negative": {
              "precision": 0.2892,
              "recall": 0.1616605798613699,
              "f1-score": 0.2073911172730315,
              "support": 13417.0
            },
            "Neutral": {
              "precision": 0.344954128440367,
              "recall": 0.522418325197146,
              "f1-score": 0.415531660692951,
              "support": 13315.0
            },
            "Positive": {
              "precision": 0.3028779894608837,
              "recall": 0.2815797407295749,
              "f1-score": 0.291840799906261,
              "support": 13268.0
            },
            "accuracy": 0.321525,
            "macro avg": {
              "precision": 0.3123440393004169,
              "recall": 0.32188621526269695,
              "f1-score": 0.3049211926240812,
              "support": 40000.0
            },